{
  "notes": [
    {
      "title": "Money Category",
      "details": "Money money money",
      "category": "money",
      "id": 6
    },
    {
      "title": "Don't forget",
      "details": "To do this",
      "category": "todos",
      "id": 7
    },
    {
      "title": "pfnafp",
      "details": "pfaknefpokan\nfopasnfpa\nnfapnfpan\nnf\npansfp\nnaf\nposnfpans\nfnoansfopnaspofnapfno",
      "category": "money",
      "id": 8
    },
    {
      "title": "ew+lpm+wem",
      "details": "\\f+wm,ef+w,emf+«p,\nf,e+wm,f+pwe,f\nw,f\nw,e\nf,w+ef,+w,e+f,+w,e+f,we+,f\n\nfwe\n,f+we,+f,+we,+f,+we,f",
      "category": "reminders",
      "id": 9
    },
    {
      "title": "çeflmwçelm",
      "details": "fmeçfmewmfl\nmf\newm\nfmw\ne\n\n\nfwe,fºw,ef\nwe,f\nwe\n,fçwefº\nfçwe,fºwçe,fº,ºwe,fº,ewº,f\nedweff",
      "category": "work",
      "id": 10
    }
  ]
}